Main Category,Sub Category,Product Category,Products,Supplier,Batch Size
Meat & Seafood,Whole Animals,Cow,,,
Meat & Seafood,Whole Animals,Pig,,,
Meat & Seafood,Whole Animals,Sheep,,,
Meat & Seafood,Whole Animals,Goat,,,
Meat & Seafood,Boxed Meat,Beef,,,
Meat & Seafood,Boxed Meat,Pork,,,
Meat & Seafood,Boxed Meat,Lamb & Goat,,,
Meat & Seafood,Boxed Meat,Game Meat,,,
Meat & Seafood,Poultry,Chicken,,,
Meat & Seafood,Poultry,Turkey,,,
Meat & Seafood,Poultry,Duck,,,
Meat & Seafood,Poultry,Quail,,,
Meat & Seafood,Poultry,Pheasant,,,
Meat & Seafood,Poultry,More Poultry,,,
Meat & Seafood,Seafood,Fish,,,
Meat & Seafood,Seafood,Shellfish,,,
Meat & Seafood,Seafood,Roe,,,
Meat & Seafood,Charcuterie,Cured Meat,,,
Meat & Seafood,Charcuterie,Sausage,,,
Meat & Seafood,Charcuterie,Bacon,,,
Meat & Seafood,Charcuterie,Pates & Terrines,,,
Meat & Seafood,Charcuterie,Dried & Smoked Meat,,,
Meat & Seafood,Charcuterie,More Prepared Meats,,,
Meat & Seafood,Misc,Bones,,,
Meat & Seafood,Misc,Stocks & Sauces,,,
Meat & Seafood,Misc,Rendered Fat,,,
Meat & Seafood,Misc,Pet Food,,,
Produce,Fruit,Citrus,,,
Produce,Fruit,Apples & Pears,,,
Produce,Fruit,Berries,,,
Produce,Fruit,Seasonal Fruits,,,
Produce,Fruit,Exotic Fruits,,,
Produce,Vegetables,Seasonal Veggies,,,
Produce,Vegetables,Leafy Greens,,,
Produce,Vegetables,Sprouts & Microgreens,,,
Produce,Vegetables,Root Vegetables,,,
Produce,Vegetables,Garlic & Onions,,,
Produce,Vegetables,Olives,,,
Produce,Vegetables,Peppers,,,
Produce,Vegetables,Squash,,,
Produce,Vegetables,Avocados,,,
Produce,Vegetables,Mushrooms,,,
Produce,Herbs & Spices,Fresh Herbs,,,
Produce,Herbs & Spices,Fresh Spices,,,
Produce,Herbs & Spices,Dried Herbs,,,
Produce,Herbs & Spices,Dried Spices,,,
Produce,Herbs & Spices,Seasonings,,,
Produce,Nuts & Seeds,Nuts,,,
Produce,Nuts & Seeds,Seeds,,,
Cold Storage,Dairy & Eggs,Eggs,,,
Cold Storage,Dairy & Eggs,Milk,,,
Cold Storage,Dairy & Eggs,Cream,,,
Cold Storage,Dairy & Eggs,Butter,,,
Cold Storage,Dairy & Eggs,Cheese,,,
Cold Storage,Dairy & Eggs,Yogurt,,,
Cold Storage,Dairy & Eggs,Non-Dairy Milk,,,
Cold Storage,Dairy & Eggs,More Dairy,,,
Cold Storage,Pasta,Traditional Pasta,,,
Cold Storage,Pasta,Stuffed Pasta,,,
Cold Storage,Pasta,Other Pasta,,,
Cold Storage,Stocks & Sauces,Stocks,,,
Cold Storage,Stocks & Sauces,Sauces,,,
Cold Storage,Stocks & Sauces,Salsa,,,
Cold Storage,Stocks & Sauces,Marinades,,,
Cold Storage,Stocks & Sauces,Dressings,,,
Cold Storage,Stocks & Sauces,Condiments,,,
Cold Storage,Pickles & Preserves,Fruit Preserves,,,
Cold Storage,Pickles & Preserves,Pickled Veggies,,,
Cold Storage,Pickles & Preserves,Jams,,,
Cold Storage,Pickles & Preserves,Relishes,,,
Cold Storage,Pickles & Preserves,Chutney,,,
Cold Storage,Pickles & Preserves,More Preserves,,,
Cold Storage,In House Food,Prep Fridge 1,,,
Cold Storage,In House Food,Prep Fridge 2,,,
Cold Storage,In House Food,Prep Fridge 3,,,
Cold Storage,In House Food,Prep Fridge 4,,,
Cold Storage,In House Food,Prep Fridge 5,,,
Dry Storage,Grains & Pasta,Cereal & Granola,,,
Dry Storage,Grains & Pasta,Rice,,,
Dry Storage,Grains & Pasta,Grain,,,
Dry Storage,Grains & Pasta,Dried Legumes,,,
Dry Storage,Grains & Pasta,Dried Pasta,,,
Dry Storage,Grains & Pasta,Flour,,,
Dry Storage,Grains & Pasta,Baking Supplies,,,
Dry Storage,Sauces & Marinades,Sauces,,,
Dry Storage,Sauces & Marinades,Marinades,,,
Dry Storage,Sauces & Marinades,Dressings,,,
Dry Storage,Sauces & Marinades,Condiments,,,
Dry Storage,Sauces & Marinades,Spreads & Dips,,,
Dry Storage,Nut Butters,Almond,,,
Dry Storage,Nut Butters,Cashew,,,
Dry Storage,Nut Butters,Peanut,,,
Dry Storage,Nut Butters,Walnut,,,
Dry Storage,Nut Butters,More Nut Butters,,,
Dry Storage,Pickles & Preserves,Fruit Preserves,,,
Dry Storage,Pickles & Preserves,Pickled Veggies,,,
Dry Storage,Pickles & Preserves,Jams,,,
Dry Storage,Pickles & Preserves,Relishes,,,
Dry Storage,Pickles & Preserves,Chutney,,,
Dry Storage,Pickles & Preserves,Specialty Preserves,,,
Dry Storage,Oils & Vinegars,Vinegars,,,
Dry Storage,Oils & Vinegars,Olive Oils,,,
Dry Storage,Oils & Vinegars,Fryer Oils,,,
Dry Storage,Oils & Vinegars,More Oils,,,
Dry Storage,Sweeteners,Honey,,,
Dry Storage,Sweeteners,Sugar,,,
Dry Storage,Sweeteners,Syrups,,,
Dry Storage,Sweeteners,More Sweeteners,,,
Dry Storage,Snacks,Chips,,,
Dry Storage,Snacks,Crackers,,,
Dry Storage,Snacks,Dried Fruit,,,
Dry Storage,Snacks,More Snacks,,,
Dry Storage,Drinks,Coffee & Tea,,,
Dry Storage,Drinks,Kombucha,,,
Dry Storage,Drinks,Tonics,,,
Dry Storage,Drinks,Nut Milks,,,
Dry Storage,Drinks,Juices,,,
Dry Storage,Drinks,Cocktail Mixers,,,
Dry Storage,Drinks,More Drinks,,,